Bus_ID,Route,Latitude,Longitude,Traffic,Weather,Arrival_Time
B1000,Route-19,13.165997,80.279598,Medium,Foggy,21
B1001,Route-2,12.966854,80.14286,Low,Cloudy,13
B1002,Route-12,12.800389,80.397663,Medium,Foggy,17
B1003,Route-20,12.99993,80.114,Low,Cloudy,12
B1004,Route-4,13.103772,80.151157,Medium,Sunny,17
B1005,Route-15,12.992708,80.10479,High,Cloudy,23
B1006,Route-18,13.216597,80.152009,Medium,Cloudy,15
B1007,Route-18,13.060034,80.264013,Medium,Sunny,19
B1008,Route-8,13.247414,80.27937,High,Foggy,31
B1009,Route-13,13.069846,80.276025,High,Rainy,34
B1010,Route-12,12.837275,80.396066,Low,Rainy,18
B1011,Route-5,12.899421,80.313403,Low,Sunny,7
B1012,Route-16,13.25748,80.355012,High,Cloudy,20
B1013,Route-3,13.132961,80.277389,Medium,Cloudy,19
B1014,Route-9,13.156622,80.328236,Medium,Sunny,21
B1015,Route-20,13.019668,80.160516,Medium,Sunny,16
B1016,Route-7,12.869666,80.281325,Medium,Cloudy,19
B1017,Route-6,13.264849,80.342436,Low,Sunny,17
B1018,Route-7,13.008255,80.364984,Medium,Sunny,22
B1019,Route-7,13.123845,80.100156,High,Sunny,27
B1020,Route-15,13.042415,80.307731,Low,Cloudy,19
B1021,Route-20,13.079051,80.221151,Low,Sunny,6
B1022,Route-17,13.156135,80.144426,Low,Cloudy,14
B1023,Route-2,12.816525,80.203521,High,Sunny,19
B1024,Route-17,13.076447,80.277809,Medium,Sunny,18
B1025,Route-6,13.116153,80.290059,Medium,Sunny,10
B1026,Route-19,12.962979,80.166072,Medium,Rainy,27
B1027,Route-8,13.270262,80.219272,Low,Sunny,12
B1028,Route-7,12.856737,80.377408,Low,Sunny,16
B1029,Route-16,13.0776,80.258895,Medium,Rainy,17
B1030,Route-19,13.241318,80.156612,High,Cloudy,29
B1031,Route-11,13.243543,80.333963,Medium,Rainy,26
B1032,Route-18,13.134494,80.274206,High,Rainy,33
B1033,Route-1,13.145948,80.295588,Low,Cloudy,18
B1034,Route-17,12.889411,80.209941,Low,Cloudy,16
B1035,Route-19,13.054407,80.2909,Low,Cloudy,16
B1036,Route-16,13.197406,80.250791,High,Cloudy,23
B1037,Route-9,13.122736,80.153133,Low,Sunny,11
B1038,Route-1,13.076382,80.271688,High,Sunny,20
B1039,Route-8,13.078401,80.380846,Low,Sunny,16
B1040,Route-17,13.135572,80.207594,Low,Sunny,15
B1041,Route-3,13.154455,80.265846,High,Sunny,27
B1042,Route-20,12.840797,80.101555,Low,Cloudy,14
B1043,Route-2,13.197896,80.367002,Medium,Rainy,25
B1044,Route-17,12.817971,80.239679,Low,Cloudy,13
B1045,Route-12,12.980095,80.138118,Low,Rainy,15
B1046,Route-16,13.221012,80.158314,High,Cloudy,24
B1047,Route-5,12.961478,80.338556,High,Cloudy,24
B1048,Route-1,13.014157,80.30655,Low,Sunny,6
B1049,Route-16,12.846937,80.15486,Medium,Sunny,14
B1050,Route-16,13.017836,80.319012,Medium,Cloudy,17
B1051,Route-5,12.97094,80.12754,Low,Sunny,8
B1052,Route-10,13.045808,80.242042,Medium,Sunny,14
B1053,Route-1,12.930447,80.104591,High,Rainy,26
B1054,Route-20,13.107926,80.383167,Medium,Cloudy,13
B1055,Route-5,13.121644,80.237476,Medium,Sunny,14
B1056,Route-19,13.125742,80.162005,Medium,Rainy,21
B1057,Route-2,13.127861,80.215619,Medium,Sunny,20
B1058,Route-4,13.146445,80.204501,Low,Cloudy,17
B1059,Route-17,13.203417,80.397152,Low,Rainy,15
B1060,Route-3,13.265379,80.357524,High,Sunny,21
B1061,Route-19,13.052626,80.347937,Low,Foggy,18
B1062,Route-14,13.252691,80.127386,Medium,Sunny,19
B1063,Route-12,13.046513,80.124985,Medium,Cloudy,18
B1064,Route-10,13.176187,80.337474,Low,Cloudy,19
B1065,Route-9,12.827936,80.321111,High,Foggy,25
B1066,Route-9,12.850561,80.125232,High,Cloudy,27
B1067,Route-1,12.840674,80.125451,High,Rainy,29
B1068,Route-19,13.253847,80.277567,High,Sunny,23
B1069,Route-13,13.012111,80.371906,High,Cloudy,27
B1070,Route-3,12.828152,80.135645,Low,Cloudy,15
B1071,Route-6,12.987435,80.185714,Medium,Foggy,21
B1072,Route-11,13.28895,80.266802,Medium,Rainy,24
B1073,Route-14,13.147706,80.12263,High,Sunny,25
B1074,Route-11,13.148463,80.215261,Low,Foggy,15
B1075,Route-4,13.245132,80.236697,Low,Foggy,14
B1076,Route-17,13.091828,80.12332,Medium,Sunny,21
B1077,Route-6,13.101391,80.181287,Low,Sunny,11
B1078,Route-13,13.106708,80.225473,High,Rainy,31
B1079,Route-17,13.188801,80.244111,Low,Sunny,7
B1080,Route-17,13.00741,80.182022,High,Cloudy,28
B1081,Route-10,13.256583,80.275545,Medium,Rainy,24
B1082,Route-13,13.025272,80.138748,High,Sunny,23
B1083,Route-2,13.1785,80.114069,Low,Rainy,19
B1084,Route-17,12.953889,80.344916,Medium,Rainy,22
B1085,Route-19,13.177569,80.286093,Low,Sunny,8
B1086,Route-19,13.290231,80.282426,High,Cloudy,22
B1087,Route-19,13.056995,80.335096,High,Sunny,24
B1088,Route-20,13.029673,80.352627,Medium,Rainy,19
B1089,Route-16,13.046309,80.198625,Medium,Foggy,16
B1090,Route-3,13.120437,80.154564,Low,Sunny,12
B1091,Route-5,13.286555,80.280581,High,Cloudy,23
B1092,Route-12,12.815902,80.264615,Low,Sunny,9
B1093,Route-15,13.051709,80.307118,Low,Sunny,14
B1094,Route-4,13.236789,80.376262,Medium,Sunny,11
B1095,Route-14,12.892261,80.162805,High,Rainy,31
B1096,Route-15,12.818342,80.175731,Medium,Rainy,24
B1097,Route-19,12.815236,80.360164,High,Rainy,30
B1098,Route-7,12.988642,80.106021,Low,Sunny,13
B1099,Route-10,12.916608,80.202878,Low,Cloudy,18
B1100,Route-12,12.84346,80.261132,High,Cloudy,20
B1101,Route-13,12.981541,80.293775,Low,Sunny,8
B1102,Route-11,12.803767,80.1676,Low,Foggy,17
B1103,Route-8,12.827827,80.352694,Low,Rainy,15
B1104,Route-6,13.248305,80.2728,Medium,Foggy,17
B1105,Route-12,13.078381,80.271484,Medium,Foggy,20
B1106,Route-12,13.155476,80.159852,Low,Foggy,12
B1107,Route-11,12.944315,80.274371,Low,Cloudy,14
B1108,Route-2,13.027134,80.264581,Medium,Sunny,22
B1109,Route-11,12.92732,80.304451,Low,Rainy,11
B1110,Route-12,13.197145,80.13201,Medium,Cloudy,19
B1111,Route-1,13.295465,80.161501,Medium,Foggy,18
B1112,Route-14,13.220914,80.141932,Medium,Cloudy,24
B1113,Route-13,12.893202,80.170708,High,Rainy,35
B1114,Route-6,13.025974,80.314135,Medium,Cloudy,18
B1115,Route-14,13.088743,80.206609,Medium,Sunny,17
B1116,Route-8,13.071425,80.229458,Low,Sunny,9
B1117,Route-4,13.239315,80.248627,Medium,Sunny,18
B1118,Route-2,13.15349,80.333572,High,Rainy,26
B1119,Route-20,12.971041,80.346377,High,Rainy,30
B1120,Route-19,12.874959,80.168775,Medium,Rainy,19
B1121,Route-14,12.9259,80.203709,Medium,Cloudy,22
B1122,Route-11,12.869558,80.130238,Medium,Foggy,17
B1123,Route-17,13.148325,80.37675,High,Cloudy,27
B1124,Route-11,13.012065,80.320933,Medium,Cloudy,19
B1125,Route-1,13.292421,80.351669,Medium,Sunny,15
B1126,Route-9,13.095638,80.219701,High,Cloudy,31
B1127,Route-11,13.101861,80.13428,Low,Rainy,14
B1128,Route-7,13.040418,80.375536,High,Cloudy,21
B1129,Route-18,12.955737,80.334149,Low,Sunny,11
B1130,Route-8,13.280535,80.144599,Medium,Sunny,18
B1131,Route-17,12.833538,80.324988,Medium,Cloudy,21
B1132,Route-2,13.082421,80.119713,Low,Cloudy,10
B1133,Route-8,13.048506,80.329607,Medium,Cloudy,15
B1134,Route-1,12.986655,80.181223,High,Foggy,25
B1135,Route-3,13.157986,80.297677,Low,Sunny,5
B1136,Route-19,12.809855,80.131233,Low,Cloudy,13
B1137,Route-16,12.849721,80.172952,Medium,Sunny,19
B1138,Route-7,12.902492,80.187944,Medium,Cloudy,14
B1139,Route-1,12.861388,80.362933,Medium,Rainy,18
B1140,Route-20,12.929712,80.213908,High,Sunny,26
B1141,Route-12,13.076024,80.230838,Medium,Sunny,15
B1142,Route-19,13.043716,80.368366,Low,Rainy,12
B1143,Route-14,13.149423,80.220765,Medium,Rainy,26
B1144,Route-10,12.88584,80.181692,High,Cloudy,25
B1145,Route-10,13.077089,80.295426,Medium,Sunny,22
B1146,Route-13,12.933249,80.319655,Low,Sunny,9
B1147,Route-11,13.257206,80.225631,Medium,Sunny,20
B1148,Route-4,13.185493,80.120475,Low,Sunny,14
B1149,Route-1,13.083202,80.242815,Medium,Sunny,21
B1150,Route-13,12.881007,80.352459,Low,Cloudy,9
B1151,Route-1,13.037119,80.203315,Low,Cloudy,14
B1152,Route-5,13.017414,80.173921,Medium,Cloudy,15
B1153,Route-17,12.802627,80.130928,Low,Foggy,16
B1154,Route-8,13.023003,80.15554,Low,Foggy,18
B1155,Route-18,13.162052,80.291169,Medium,Rainy,23
B1156,Route-7,13.293834,80.383218,Medium,Sunny,19
B1157,Route-18,12.948675,80.377319,Low,Cloudy,10
B1158,Route-14,13.027572,80.25673,Medium,Sunny,16
B1159,Route-8,12.860283,80.123086,Medium,Sunny,16
B1160,Route-13,13.086214,80.341193,Medium,Sunny,17
B1161,Route-10,13.107932,80.169888,Medium,Rainy,24
B1162,Route-7,12.892736,80.215189,High,Sunny,21
B1163,Route-15,12.844272,80.111279,Low,Sunny,16
B1164,Route-3,12.968185,80.256756,Medium,Sunny,10
B1165,Route-16,13.226411,80.314666,Medium,Sunny,14
B1166,Route-12,13.013887,80.215298,Low,Foggy,19
B1167,Route-13,12.929491,80.276566,High,Rainy,31
B1168,Route-19,12.832493,80.220474,High,Rainy,32
B1169,Route-3,12.888264,80.166146,Medium,Sunny,11
B1170,Route-20,13.114889,80.164897,High,Rainy,33
B1171,Route-3,12.998121,80.327472,High,Sunny,19
B1172,Route-11,13.068487,80.277882,Low,Sunny,10
B1173,Route-12,12.864757,80.366624,High,Sunny,26
B1174,Route-15,13.265795,80.320564,Low,Sunny,9
B1175,Route-16,12.824392,80.259781,Low,Cloudy,14
B1176,Route-3,13.225603,80.248544,Medium,Sunny,13
B1177,Route-16,13.082866,80.180108,Low,Cloudy,14
B1178,Route-10,13.233647,80.312509,Medium,Rainy,28
B1179,Route-19,12.894611,80.364491,Low,Cloudy,16
B1180,Route-4,13.209973,80.168588,High,Sunny,24
B1181,Route-17,12.929344,80.15794,Medium,Rainy,16
B1182,Route-7,12.804536,80.345604,Low,Sunny,12
B1183,Route-4,12.970936,80.289787,Medium,Foggy,22
B1184,Route-10,13.273649,80.149913,Low,Rainy,16
B1185,Route-3,12.837347,80.355724,Medium,Sunny,15
B1186,Route-2,12.832813,80.346454,Medium,Sunny,14
B1187,Route-11,13.013091,80.235416,Low,Foggy,19
B1188,Route-12,13.14025,80.296353,Low,Sunny,7
B1189,Route-5,13.254762,80.357208,Low,Rainy,16
B1190,Route-12,13.24705,80.168986,High,Sunny,19
B1191,Route-8,13.071616,80.147774,Medium,Cloudy,20
B1192,Route-3,13.180512,80.287866,High,Rainy,30
B1193,Route-9,12.800616,80.279498,Low,Cloudy,13
B1194,Route-8,12.832104,80.274591,Low,Cloudy,12
B1195,Route-13,12.80581,80.121734,Low,Cloudy,10
B1196,Route-17,13.253909,80.317286,High,Foggy,23
B1197,Route-10,12.809184,80.244707,Low,Cloudy,10
B1198,Route-1,12.836208,80.260273,High,Foggy,33
B1199,Route-18,12.961047,80.39324,High,Sunny,27
B1200,Route-6,13.135193,80.385465,High,Sunny,21
B1201,Route-20,13.106472,80.189651,Medium,Cloudy,20
B1202,Route-3,12.840057,80.368445,Low,Rainy,15
B1203,Route-13,13.019304,80.317448,Low,Sunny,14
B1204,Route-19,12.964509,80.241055,Medium,Cloudy,23
B1205,Route-3,13.126632,80.199694,Low,Sunny,12
B1206,Route-17,12.910281,80.22552,Low,Sunny,8
B1207,Route-12,13.171353,80.227648,High,Rainy,29
B1208,Route-2,13.07165,80.254199,High,Cloudy,30
B1209,Route-19,13.250351,80.226516,Medium,Rainy,27
B1210,Route-3,12.991924,80.239744,Low,Sunny,9
B1211,Route-5,13.100928,80.289762,High,Sunny,22
B1212,Route-20,12.848697,80.221506,Low,Sunny,12
B1213,Route-5,12.995541,80.390824,Medium,Sunny,13
B1214,Route-10,13.099357,80.218998,Low,Cloudy,15
B1215,Route-5,13.059887,80.201101,Low,Sunny,13
B1216,Route-11,13.153389,80.150113,Low,Cloudy,13
B1217,Route-15,13.037315,80.353251,Medium,Cloudy,22
B1218,Route-5,12.85596,80.180925,High,Sunny,18
B1219,Route-5,12.861055,80.23566,High,Sunny,23
B1220,Route-11,13.144104,80.219214,Low,Cloudy,10
B1221,Route-18,13.286549,80.274034,Low,Sunny,14
B1222,Route-10,12.862871,80.139814,Low,Cloudy,11
B1223,Route-15,12.894175,80.319249,Medium,Sunny,19
B1224,Route-18,13.219058,80.383384,Low,Cloudy,17
B1225,Route-14,13.085305,80.109116,Medium,Rainy,23
B1226,Route-2,13.270438,80.348052,High,Cloudy,23
B1227,Route-13,13.288587,80.222072,High,Sunny,29
B1228,Route-6,13.125256,80.329557,Low,Sunny,10
B1229,Route-15,12.958598,80.36067,High,Rainy,23
B1230,Route-17,13.081719,80.214126,Medium,Cloudy,20
B1231,Route-2,12.807334,80.276119,Medium,Sunny,18
B1232,Route-12,13.231667,80.255725,Medium,Sunny,18
B1233,Route-12,12.923035,80.243009,Low,Cloudy,14
B1234,Route-15,12.897889,80.102269,High,Sunny,24
B1235,Route-2,12.830134,80.380331,Low,Foggy,16
B1236,Route-4,13.061542,80.301029,Low,Cloudy,10
B1237,Route-10,13.288363,80.346952,Medium,Sunny,19
B1238,Route-20,12.947639,80.338022,High,Sunny,29
B1239,Route-13,13.075113,80.113024,Medium,Rainy,27
B1240,Route-10,13.242103,80.168424,Medium,Rainy,25
B1241,Route-4,12.918435,80.334158,High,Sunny,20
B1242,Route-5,12.847768,80.287158,Medium,Cloudy,13
B1243,Route-15,13.231399,80.165022,Low,Rainy,15
B1244,Route-2,13.11898,80.177065,Low,Sunny,13
B1245,Route-17,13.137921,80.232815,Low,Cloudy,13
B1246,Route-7,13.209354,80.280966,Low,Sunny,11
B1247,Route-6,13.122645,80.278725,High,Sunny,25
B1248,Route-8,13.05953,80.120284,Medium,Sunny,17
B1249,Route-12,13.066479,80.1973,High,Cloudy,22
B1250,Route-4,13.165325,80.239562,Medium,Cloudy,22
B1251,Route-16,13.177419,80.151143,High,Cloudy,28
B1252,Route-19,13.290618,80.242466,Low,Sunny,14
B1253,Route-20,13.2635,80.261987,Low,Foggy,21
B1254,Route-2,13.177635,80.138314,Medium,Sunny,18
B1255,Route-2,12.913679,80.202502,Low,Sunny,17
B1256,Route-4,12.952762,80.219094,High,Cloudy,26
B1257,Route-10,13.193138,80.272376,High,Sunny,24
B1258,Route-14,13.069866,80.288385,Medium,Sunny,18
B1259,Route-2,12.95234,80.124276,High,Rainy,29
B1260,Route-2,13.278661,80.271912,Low,Sunny,14
B1261,Route-20,13.261379,80.246119,Low,Rainy,20
B1262,Route-2,12.873187,80.21026,Medium,Sunny,21
B1263,Route-6,12.839983,80.333017,Medium,Sunny,14
B1264,Route-19,13.101277,80.209439,Low,Sunny,11
B1265,Route-19,13.042301,80.326276,Low,Sunny,12
B1266,Route-1,13.191348,80.179616,Low,Sunny,14
B1267,Route-20,13.206985,80.284566,Medium,Foggy,21
B1268,Route-14,13.162159,80.337628,Medium,Rainy,20
B1269,Route-10,13.281911,80.174574,Low,Sunny,13
B1270,Route-13,13.109474,80.19705,Medium,Sunny,20
B1271,Route-11,13.279788,80.246356,High,Rainy,25
B1272,Route-20,12.849041,80.246472,Medium,Rainy,20
B1273,Route-10,13.205343,80.284224,Low,Cloudy,13
B1274,Route-16,13.193452,80.194622,High,Foggy,22
B1275,Route-11,12.819213,80.370529,Low,Rainy,18
B1276,Route-13,13.025062,80.168089,Medium,Sunny,13
B1277,Route-11,13.056111,80.304068,Low,Rainy,18
B1278,Route-8,12.852684,80.110671,Medium,Rainy,23
B1279,Route-19,12.974852,80.332396,Medium,Sunny,18
B1280,Route-17,13.130151,80.329312,Low,Sunny,17
B1281,Route-17,13.112332,80.214582,Low,Rainy,14
B1282,Route-10,12.834627,80.387948,Low,Sunny,12
B1283,Route-2,13.289985,80.280564,High,Sunny,24
B1284,Route-14,13.264042,80.167385,Low,Sunny,15
B1285,Route-19,13.271538,80.172208,Medium,Cloudy,19
B1286,Route-12,12.942953,80.344784,High,Cloudy,25
B1287,Route-11,13.177521,80.238162,High,Sunny,27
B1288,Route-15,12.934666,80.261867,Low,Rainy,13
B1289,Route-5,13.044197,80.145203,Low,Foggy,16
B1290,Route-15,12.948774,80.269507,Medium,Cloudy,21
B1291,Route-12,12.880424,80.267413,High,Sunny,24
B1292,Route-11,12.849589,80.220448,Medium,Foggy,24
B1293,Route-16,13.207559,80.284493,Low,Rainy,12
B1294,Route-17,12.802615,80.328297,High,Cloudy,27
B1295,Route-5,13.179338,80.303514,Low,Rainy,15
B1296,Route-5,13.121683,80.33412,Low,Sunny,12
B1297,Route-13,12.889186,80.108721,Medium,Sunny,16
B1298,Route-16,13.040486,80.292698,Low,Cloudy,18
B1299,Route-19,12.826402,80.245979,Low,Rainy,14
B1300,Route-4,12.829275,80.200271,Medium,Sunny,23
B1301,Route-18,12.873726,80.198458,Medium,Sunny,16
B1302,Route-13,13.200683,80.329977,Medium,Sunny,21
B1303,Route-11,13.048083,80.153476,Low,Cloudy,15
B1304,Route-3,12.901468,80.269665,Medium,Foggy,24
B1305,Route-13,13.215849,80.181921,Low,Sunny,7
B1306,Route-5,13.226364,80.167662,High,Sunny,25
B1307,Route-7,13.268677,80.311806,Medium,Sunny,22
B1308,Route-12,13.190107,80.102109,High,Foggy,32
B1309,Route-10,13.128478,80.386984,Low,Rainy,21
B1310,Route-16,12.923489,80.371876,Low,Sunny,13
B1311,Route-4,13.222395,80.180442,Medium,Sunny,22
B1312,Route-1,13.253219,80.141774,Low,Sunny,9
B1313,Route-10,12.918392,80.319735,High,Sunny,24
B1314,Route-5,13.112213,80.248344,High,Rainy,28
B1315,Route-12,13.082665,80.23918,Medium,Sunny,22
B1316,Route-7,12.875623,80.167595,Low,Sunny,14
B1317,Route-9,13.290258,80.168223,Medium,Cloudy,23
B1318,Route-10,13.10645,80.167844,High,Cloudy,20
B1319,Route-7,13.224988,80.300707,Low,Foggy,12
B1320,Route-19,13.056251,80.341921,Medium,Sunny,21
B1321,Route-15,12.92931,80.149412,High,Sunny,23
B1322,Route-17,13.239791,80.361174,Low,Rainy,20
B1323,Route-20,13.031966,80.372766,Low,Sunny,6
B1324,Route-19,13.025848,80.219214,High,Sunny,23
B1325,Route-5,12.847018,80.207001,Low,Sunny,16
B1326,Route-10,12.997985,80.374527,Medium,Rainy,24
B1327,Route-18,12.883017,80.284042,Medium,Cloudy,16
B1328,Route-16,13.099056,80.110015,Low,Cloudy,18
B1329,Route-11,13.107649,80.125039,Low,Sunny,16
B1330,Route-2,13.00888,80.395233,Medium,Foggy,22
B1331,Route-3,13.013745,80.14867,Low,Rainy,15
B1332,Route-9,13.245129,80.123822,Medium,Rainy,22
B1333,Route-12,13.155121,80.194305,High,Cloudy,23
B1334,Route-1,13.209628,80.363947,Low,Sunny,18
B1335,Route-16,12.973971,80.235105,Low,Sunny,16
B1336,Route-20,13.203098,80.353121,Medium,Rainy,18
B1337,Route-20,12.95746,80.101145,Medium,Sunny,16
B1338,Route-15,12.939638,80.292865,Low,Rainy,15
B1339,Route-12,12.816595,80.191184,Low,Sunny,11
B1340,Route-6,12.829547,80.369654,Low,Rainy,13
B1341,Route-8,12.855495,80.234117,Medium,Cloudy,20
B1342,Route-8,13.201177,80.243721,Low,Sunny,5
B1343,Route-3,12.940019,80.357503,Medium,Foggy,18
B1344,Route-19,12.809003,80.388843,High,Rainy,33
B1345,Route-9,13.151843,80.26221,High,Sunny,24
B1346,Route-14,12.950633,80.279507,Low,Cloudy,9
B1347,Route-14,13.251447,80.355679,Medium,Sunny,22
B1348,Route-3,13.113088,80.259395,Low,Foggy,12
B1349,Route-3,13.086675,80.297648,Low,Rainy,18
B1350,Route-2,13.06262,80.109794,Medium,Rainy,18
B1351,Route-14,13.058723,80.229128,High,Cloudy,27
B1352,Route-19,13.246262,80.233014,High,Cloudy,30
B1353,Route-13,13.119803,80.302928,Medium,Rainy,22
B1354,Route-8,12.935784,80.241869,High,Sunny,25
B1355,Route-8,12.927196,80.208556,Medium,Sunny,16
B1356,Route-16,13.025233,80.241891,Low,Cloudy,11
B1357,Route-20,13.058286,80.101652,Low,Sunny,7
B1358,Route-9,13.201293,80.271615,Low,Sunny,16
B1359,Route-7,13.108533,80.134152,Medium,Sunny,14
B1360,Route-19,13.13771,80.113456,Medium,Sunny,13
B1361,Route-7,13.157016,80.282372,Medium,Foggy,18
B1362,Route-15,13.23144,80.100631,High,Rainy,29
B1363,Route-5,13.132646,80.340106,High,Sunny,21
B1364,Route-15,13.175589,80.121302,Low,Sunny,16
B1365,Route-13,13.123048,80.293935,Medium,Sunny,14
B1366,Route-6,13.256643,80.283772,Low,Cloudy,12
B1367,Route-17,12.833222,80.26019,Low,Foggy,17
B1368,Route-17,13.024427,80.125318,Medium,Cloudy,25
B1369,Route-18,13.208362,80.120215,Low,Cloudy,13
B1370,Route-3,13.071267,80.358523,Medium,Sunny,13
B1371,Route-4,13.015493,80.19566,High,Foggy,32
B1372,Route-5,13.055841,80.149689,Medium,Cloudy,21
B1373,Route-3,12.87723,80.107634,High,Sunny,21
B1374,Route-8,13.004814,80.193365,Low,Sunny,14
B1375,Route-13,13.294018,80.2362,Medium,Sunny,13
B1376,Route-14,13.288726,80.259574,High,Sunny,21
B1377,Route-5,12.880012,80.107006,Low,Sunny,10
B1378,Route-18,12.987402,80.242202,High,Sunny,25
B1379,Route-13,12.944203,80.388341,High,Foggy,24
B1380,Route-19,13.290054,80.243364,High,Rainy,28
B1381,Route-12,13.154507,80.153151,Medium,Rainy,23
B1382,Route-15,12.882621,80.274895,High,Cloudy,25
B1383,Route-19,13.191194,80.320373,High,Sunny,18
B1384,Route-2,12.81973,80.242664,Low,Sunny,10
B1385,Route-5,13.234985,80.139196,Medium,Cloudy,21
B1386,Route-19,13.238545,80.383213,High,Sunny,19
B1387,Route-4,13.177311,80.247579,Medium,Sunny,17
B1388,Route-18,13.180899,80.215962,Low,Sunny,15
B1389,Route-3,13.02799,80.233037,Medium,Rainy,23
B1390,Route-8,13.226981,80.231745,Low,Sunny,5
B1391,Route-11,13.02416,80.25313,Low,Rainy,18
B1392,Route-3,13.116272,80.293341,High,Cloudy,20
B1393,Route-17,12.804432,80.399346,Low,Foggy,17
B1394,Route-15,12.822081,80.202535,Low,Sunny,9
B1395,Route-3,13.184461,80.297562,Low,Rainy,14
B1396,Route-3,13.043814,80.123295,Medium,Sunny,15
B1397,Route-6,13.08852,80.309327,Medium,Cloudy,16
B1398,Route-2,13.050312,80.338355,Low,Sunny,13
B1399,Route-8,12.947645,80.169715,Low,Sunny,13
B1400,Route-7,12.933084,80.106608,Low,Sunny,15
B1401,Route-17,13.289491,80.281048,Low,Cloudy,13
B1402,Route-20,13.026973,80.34643,Medium,Rainy,24
B1403,Route-13,13.156976,80.34676,Medium,Sunny,20
B1404,Route-2,13.000723,80.147587,High,Rainy,25
B1405,Route-18,13.001223,80.130824,Medium,Sunny,11
B1406,Route-12,12.831345,80.351802,Low,Rainy,23
B1407,Route-2,12.850946,80.20807,Medium,Sunny,12
B1408,Route-19,13.245936,80.230145,Low,Rainy,14
B1409,Route-15,13.046907,80.216295,Low,Cloudy,16
B1410,Route-15,13.133193,80.389814,Low,Rainy,14
B1411,Route-17,13.037703,80.290302,High,Sunny,22
B1412,Route-12,13.050201,80.229819,Medium,Foggy,17
B1413,Route-16,12.893012,80.265621,Low,Rainy,15
B1414,Route-13,13.165248,80.294314,Medium,Rainy,23
B1415,Route-6,13.265404,80.137717,Low,Sunny,10
B1416,Route-11,13.156603,80.159765,Medium,Sunny,17
B1417,Route-14,12.855756,80.254759,Medium,Sunny,15
B1418,Route-3,13.219133,80.312815,Low,Foggy,20
B1419,Route-6,13.097566,80.102977,Medium,Cloudy,23
B1420,Route-10,12.933626,80.165942,High,Cloudy,31
B1421,Route-1,12.860104,80.179675,High,Rainy,27
B1422,Route-13,13.12093,80.271195,Medium,Sunny,17
B1423,Route-8,12.811797,80.369568,High,Rainy,23
B1424,Route-13,13.249728,80.313041,Low,Sunny,7
B1425,Route-20,12.828922,80.387337,Medium,Cloudy,24
B1426,Route-7,12.837803,80.209704,Medium,Foggy,26
B1427,Route-15,13.190661,80.27349,Low,Cloudy,14
B1428,Route-15,13.20493,80.384219,Low,Cloudy,15
B1429,Route-9,13.145048,80.379182,Low,Cloudy,13
B1430,Route-14,13.278967,80.258898,Medium,Sunny,23
B1431,Route-3,13.203483,80.237899,Low,Sunny,18
B1432,Route-16,12.904593,80.114994,Low,Sunny,5
B1433,Route-3,12.995929,80.297734,High,Cloudy,30
B1434,Route-18,13.27651,80.256762,Medium,Sunny,14
B1435,Route-19,13.111172,80.394353,Medium,Sunny,16
B1436,Route-8,13.149156,80.218562,Medium,Sunny,12
B1437,Route-7,13.159166,80.174202,Low,Cloudy,9
B1438,Route-10,13.18179,80.356562,High,Foggy,33
B1439,Route-8,13.075995,80.341426,High,Sunny,22
B1440,Route-3,12.8477,80.228611,High,Rainy,35
B1441,Route-2,13.250692,80.146142,High,Sunny,25
B1442,Route-3,13.180504,80.211517,High,Sunny,23
B1443,Route-20,12.937774,80.286612,Low,Sunny,12
B1444,Route-20,13.223636,80.370671,Medium,Sunny,23
B1445,Route-17,12.910426,80.111679,Low,Cloudy,16
B1446,Route-3,12.912445,80.229414,Low,Cloudy,16
B1447,Route-8,12.871907,80.229031,Low,Rainy,18
B1448,Route-13,13.21158,80.366666,Medium,Rainy,20
B1449,Route-4,12.965782,80.356509,Medium,Sunny,20
B1450,Route-4,13.030001,80.128516,Low,Rainy,22
B1451,Route-20,13.127325,80.145479,Medium,Rainy,24
B1452,Route-6,12.863933,80.329664,Medium,Sunny,22
B1453,Route-19,12.913063,80.19126,Low,Foggy,14
B1454,Route-5,12.955042,80.319517,Low,Sunny,8
B1455,Route-16,13.24802,80.345408,High,Cloudy,21
B1456,Route-8,13.292429,80.326274,High,Rainy,31
B1457,Route-17,13.072248,80.312796,Medium,Sunny,11
B1458,Route-5,12.932663,80.280466,High,Sunny,20
B1459,Route-8,13.054445,80.210784,Low,Cloudy,16
B1460,Route-17,13.201759,80.136609,Low,Sunny,18
B1461,Route-3,12.871085,80.164018,Low,Sunny,11
B1462,Route-3,13.135528,80.230597,Low,Rainy,11
B1463,Route-11,12.993619,80.371972,Medium,Cloudy,14
B1464,Route-19,13.15185,80.391077,High,Sunny,26
B1465,Route-16,13.070367,80.228879,Medium,Cloudy,18
B1466,Route-20,13.200002,80.265812,High,Sunny,26
B1467,Route-8,12.958275,80.344923,Medium,Cloudy,24
B1468,Route-18,13.085873,80.349849,Low,Cloudy,11
B1469,Route-5,12.893457,80.105939,Low,Sunny,11
B1470,Route-1,12.967025,80.31981,Medium,Cloudy,18
B1471,Route-1,13.142722,80.199737,Low,Sunny,9
B1472,Route-20,13.116141,80.159698,Medium,Cloudy,18
B1473,Route-10,13.016009,80.394111,Low,Sunny,18
B1474,Route-20,12.856652,80.22108,Low,Foggy,14
B1475,Route-3,12.998806,80.179283,Medium,Sunny,20
B1476,Route-15,13.128378,80.390561,Low,Sunny,13
B1477,Route-15,12.846033,80.279713,High,Sunny,22
B1478,Route-1,13.151896,80.211978,Medium,Cloudy,21
B1479,Route-4,13.062878,80.174857,Medium,Cloudy,17
B1480,Route-16,12.877414,80.383421,High,Sunny,24
B1481,Route-13,13.112602,80.212066,Low,Rainy,11
B1482,Route-13,13.025127,80.387274,Medium,Sunny,13
B1483,Route-18,12.907334,80.299498,Medium,Rainy,26
B1484,Route-9,13.257274,80.230206,Low,Rainy,18
B1485,Route-18,12.914586,80.264063,Medium,Foggy,23
B1486,Route-14,12.899635,80.363241,Medium,Sunny,13
B1487,Route-1,12.831263,80.237682,Low,Sunny,8
B1488,Route-4,13.275745,80.351548,Medium,Sunny,17
B1489,Route-14,12.900141,80.285035,High,Cloudy,21
B1490,Route-1,13.013748,80.161865,Low,Rainy,19
B1491,Route-6,13.193694,80.236304,High,Cloudy,30
B1492,Route-11,13.124661,80.380884,Medium,Sunny,12
B1493,Route-15,13.095116,80.22229,Medium,Sunny,18
B1494,Route-16,12.805746,80.222633,Low,Rainy,20
B1495,Route-15,13.271266,80.324033,Medium,Rainy,22
B1496,Route-20,12.944594,80.192942,Medium,Sunny,18
B1497,Route-14,12.90803,80.342797,High,Rainy,30
B1498,Route-9,13.27056,80.362896,Medium,Cloudy,20
B1499,Route-17,12.974445,80.25648,Low,Rainy,16
B1500,Route-15,13.007258,80.103975,Low,Cloudy,19
B1501,Route-17,13.146975,80.168879,Medium,Sunny,20
B1502,Route-17,13.065945,80.33683,Medium,Rainy,21
B1503,Route-2,13.240831,80.136449,Medium,Rainy,21
B1504,Route-15,12.922676,80.11732,Medium,Cloudy,19
B1505,Route-19,13.293123,80.224421,Medium,Cloudy,12
B1506,Route-13,13.176797,80.1611,Medium,Sunny,13
B1507,Route-7,13.066252,80.134618,High,Cloudy,23
B1508,Route-7,12.903126,80.217558,Low,Cloudy,9
B1509,Route-3,13.188245,80.283401,High,Foggy,31
B1510,Route-9,13.144316,80.175982,Medium,Cloudy,23
B1511,Route-19,13.210694,80.352998,Medium,Rainy,21
B1512,Route-15,13.055281,80.34618,Low,Cloudy,19
B1513,Route-8,12.993913,80.341061,Medium,Sunny,13
B1514,Route-17,13.07088,80.39042,High,Sunny,20
B1515,Route-3,13.201907,80.230042,Low,Sunny,18
B1516,Route-20,12.986267,80.120614,Low,Sunny,10
B1517,Route-9,13.264644,80.213768,Low,Sunny,6
B1518,Route-8,13.186405,80.264526,Low,Rainy,22
B1519,Route-17,13.060537,80.205061,Medium,Cloudy,24
B1520,Route-6,13.156618,80.215986,Low,Sunny,16
B1521,Route-10,13.179358,80.279147,Medium,Foggy,26
B1522,Route-8,12.878238,80.242176,Medium,Cloudy,19
B1523,Route-2,13.23432,80.317303,Medium,Rainy,17
B1524,Route-15,13.025388,80.387549,Low,Sunny,5
B1525,Route-14,12.912521,80.258617,Medium,Rainy,21
B1526,Route-5,12.932318,80.298591,Low,Cloudy,13
B1527,Route-3,12.908615,80.239197,Medium,Sunny,19
B1528,Route-8,13.22906,80.335132,High,Cloudy,29
B1529,Route-1,13.133386,80.128298,Medium,Sunny,19
B1530,Route-13,12.847459,80.399668,Medium,Sunny,21
B1531,Route-11,12.952015,80.195431,Medium,Cloudy,17
B1532,Route-6,13.08309,80.193833,Medium,Rainy,22
B1533,Route-3,13.153079,80.192687,Low,Foggy,17
B1534,Route-19,13.001167,80.217178,High,Sunny,24
B1535,Route-14,12.994615,80.168663,Medium,Rainy,20
B1536,Route-18,13.116536,80.240786,Medium,Cloudy,19
B1537,Route-18,13.15755,80.277947,Medium,Rainy,19
B1538,Route-10,13.115822,80.116317,Low,Foggy,17
B1539,Route-18,13.205129,80.224148,Medium,Rainy,26
B1540,Route-11,12.884864,80.105743,Medium,Rainy,18
B1541,Route-13,13.14285,80.373064,Medium,Cloudy,20
B1542,Route-8,12.938506,80.376392,Low,Cloudy,18
B1543,Route-20,13.15132,80.119958,Low,Cloudy,16
B1544,Route-9,13.129523,80.16337,High,Rainy,32
B1545,Route-8,13.248683,80.286789,High,Sunny,23
B1546,Route-17,12.863968,80.204252,High,Rainy,30
B1547,Route-7,12.953026,80.265563,Medium,Rainy,18
B1548,Route-15,13.034554,80.180569,Low,Sunny,17
B1549,Route-8,13.179646,80.390328,Low,Foggy,19
B1550,Route-17,12.909853,80.106156,Low,Cloudy,19
B1551,Route-6,13.287687,80.151035,Medium,Sunny,14
B1552,Route-14,12.841368,80.245361,High,Sunny,25
B1553,Route-12,13.09035,80.251653,High,Sunny,26
B1554,Route-10,12.841136,80.237875,Low,Cloudy,16
B1555,Route-12,12.895363,80.204119,Low,Sunny,8
B1556,Route-17,12.956938,80.261407,High,Rainy,33
B1557,Route-12,12.807912,80.256828,High,Foggy,32
B1558,Route-8,12.858506,80.339915,Medium,Cloudy,21
B1559,Route-14,12.887746,80.270318,Low,Foggy,20
B1560,Route-3,13.076331,80.211652,Medium,Sunny,18
B1561,Route-6,13.212855,80.185712,Low,Sunny,10
B1562,Route-5,12.983695,80.126105,Medium,Rainy,18
B1563,Route-7,12.910252,80.165462,Low,Cloudy,19
B1564,Route-20,13.111739,80.280084,Medium,Rainy,19
B1565,Route-8,13.029162,80.205366,High,Sunny,18
B1566,Route-13,12.94573,80.162262,High,Sunny,28
B1567,Route-17,13.180288,80.146348,Medium,Cloudy,14
B1568,Route-11,12.987903,80.312437,Medium,Foggy,19
B1569,Route-20,12.970206,80.253174,Low,Sunny,8
B1570,Route-20,12.825122,80.110473,Medium,Cloudy,12
B1571,Route-1,13.198004,80.32612,High,Foggy,32
B1572,Route-8,12.89457,80.37671,High,Foggy,23
B1573,Route-8,13.084232,80.295455,Low,Sunny,6
B1574,Route-17,12.833083,80.105747,High,Sunny,19
B1575,Route-7,12.815052,80.388448,Low,Sunny,14
B1576,Route-19,13.13925,80.195265,Low,Cloudy,12
B1577,Route-17,13.256466,80.201931,Medium,Sunny,14
B1578,Route-1,13.295054,80.193564,Medium,Cloudy,16
B1579,Route-4,13.070501,80.395454,Low,Foggy,17
B1580,Route-2,12.919995,80.31304,Low,Sunny,16
B1581,Route-19,12.830048,80.37143,Low,Sunny,9
B1582,Route-9,13.178524,80.116682,High,Rainy,28
B1583,Route-4,13.001203,80.365376,Medium,Sunny,16
B1584,Route-20,12.935817,80.157183,Low,Cloudy,10
B1585,Route-15,13.167463,80.259436,High,Sunny,26
B1586,Route-5,13.166942,80.289671,High,Sunny,24
B1587,Route-3,12.908954,80.104553,Medium,Sunny,15
B1588,Route-17,13.249193,80.219856,Medium,Cloudy,23
B1589,Route-13,13.189994,80.129621,Low,Sunny,13
B1590,Route-19,13.247849,80.33505,Medium,Sunny,20
B1591,Route-9,12.851633,80.151757,Medium,Cloudy,23
B1592,Route-12,12.920035,80.143293,Low,Rainy,14
B1593,Route-10,13.294716,80.272331,Medium,Sunny,19
B1594,Route-17,13.038675,80.205246,High,Rainy,30
B1595,Route-14,13.217295,80.2075,Medium,Sunny,17
B1596,Route-3,13.088236,80.328565,Low,Sunny,9
B1597,Route-15,12.838284,80.226228,Low,Cloudy,9
B1598,Route-17,12.880609,80.296923,Medium,Sunny,14
B1599,Route-15,12.911991,80.171743,High,Rainy,27
B1600,Route-8,12.977333,80.265199,Medium,Sunny,22
B1601,Route-13,13.24963,80.388678,Low,Sunny,10
B1602,Route-16,12.93905,80.165087,Medium,Cloudy,17
B1603,Route-8,13.009591,80.150461,High,Sunny,20
B1604,Route-19,13.279059,80.166134,Medium,Rainy,26
B1605,Route-18,12.94285,80.127412,Medium,Sunny,16
B1606,Route-6,13.165748,80.347341,Medium,Sunny,20
B1607,Route-18,12.853807,80.330438,High,Sunny,23
B1608,Route-3,12.937192,80.370475,Low,Cloudy,14
B1609,Route-19,13.148348,80.197304,High,Rainy,23
B1610,Route-13,13.202715,80.384027,Low,Cloudy,12
B1611,Route-17,13.101764,80.297852,High,Sunny,18
B1612,Route-2,12.832846,80.366136,Low,Sunny,12
B1613,Route-9,13.178641,80.369389,Low,Sunny,14
B1614,Route-13,12.967812,80.123042,Low,Sunny,13
B1615,Route-18,12.939946,80.183316,Low,Sunny,14
B1616,Route-16,13.086975,80.217869,Low,Sunny,11
B1617,Route-15,12.953216,80.112077,Low,Rainy,15
B1618,Route-12,12.987361,80.264961,Low,Foggy,19
B1619,Route-8,12.910891,80.195266,Medium,Sunny,17
B1620,Route-7,13.025029,80.201236,High,Sunny,22
B1621,Route-19,13.021054,80.20032,Low,Cloudy,13
B1622,Route-6,12.948196,80.373241,Low,Sunny,8
B1623,Route-13,12.862783,80.151388,Low,Sunny,13
B1624,Route-20,12.92326,80.39281,Low,Rainy,17
B1625,Route-20,12.855569,80.294432,Low,Sunny,8
B1626,Route-4,12.998496,80.146895,Medium,Rainy,21
B1627,Route-19,13.296291,80.14686,Low,Sunny,14
B1628,Route-2,13.180838,80.252125,Low,Sunny,11
B1629,Route-11,13.109386,80.29961,Medium,Sunny,20
B1630,Route-17,12.849773,80.280958,Low,Sunny,9
B1631,Route-10,12.947034,80.163096,High,Foggy,31
B1632,Route-3,12.862978,80.393745,High,Sunny,22
B1633,Route-6,13.101575,80.30476,Medium,Cloudy,20
B1634,Route-9,13.032033,80.382919,Low,Sunny,9
B1635,Route-18,13.125213,80.1637,Medium,Sunny,21
B1636,Route-8,12.970659,80.243559,Low,Rainy,15
B1637,Route-2,13.111366,80.342027,Low,Sunny,11
B1638,Route-15,12.887324,80.18878,Medium,Cloudy,21
B1639,Route-18,13.08196,80.250084,High,Cloudy,32
B1640,Route-13,13.231505,80.145206,Low,Rainy,19
B1641,Route-13,13.148916,80.370079,Low,Cloudy,15
B1642,Route-8,12.947912,80.100334,Medium,Foggy,21
B1643,Route-14,12.821235,80.305388,Low,Sunny,9
B1644,Route-2,13.206717,80.377276,Low,Sunny,13
B1645,Route-3,13.122451,80.186475,Low,Rainy,15
B1646,Route-20,12.806449,80.26209,Medium,Sunny,21
B1647,Route-13,12.842528,80.264662,Medium,Cloudy,18
B1648,Route-7,12.99495,80.244014,High,Sunny,25
B1649,Route-14,13.065936,80.362086,High,Sunny,22
B1650,Route-20,13.038231,80.195491,Medium,Sunny,15
B1651,Route-12,12.866605,80.289719,Medium,Sunny,16
B1652,Route-6,13.176736,80.361858,Medium,Rainy,23
B1653,Route-13,13.136851,80.33025,Low,Rainy,18
B1654,Route-11,12.862775,80.389044,High,Sunny,20
B1655,Route-15,13.12595,80.349725,Low,Rainy,16
B1656,Route-11,13.118887,80.34602,Medium,Sunny,16
B1657,Route-8,13.099298,80.295885,Low,Sunny,7
B1658,Route-4,13.246818,80.122392,Medium,Sunny,20
B1659,Route-14,13.078232,80.207586,Low,Rainy,19
B1660,Route-20,13.28759,80.349961,Medium,Foggy,19
B1661,Route-13,13.178127,80.236255,Medium,Sunny,15
B1662,Route-19,13.284661,80.213352,Low,Cloudy,16
B1663,Route-13,12.830552,80.249791,Low,Sunny,10
B1664,Route-6,13.007413,80.216182,Low,Rainy,18
B1665,Route-10,13.165246,80.140607,Medium,Sunny,10
B1666,Route-1,13.090868,80.220439,Medium,Cloudy,15
B1667,Route-4,12.819043,80.285991,Low,Cloudy,13
B1668,Route-4,13.235957,80.273094,Medium,Cloudy,21
B1669,Route-16,13.082925,80.372406,Medium,Sunny,14
B1670,Route-16,12.985773,80.28432,Medium,Rainy,23
B1671,Route-7,12.840093,80.243052,Medium,Rainy,20
B1672,Route-8,13.293875,80.197705,Medium,Sunny,18
B1673,Route-1,13.011328,80.398691,High,Cloudy,28
B1674,Route-12,13.108966,80.202554,Low,Rainy,20
B1675,Route-12,12.86609,80.231957,High,Sunny,24
B1676,Route-1,13.251202,80.214965,Low,Cloudy,12
B1677,Route-2,13.020575,80.159823,High,Sunny,20
B1678,Route-16,13.212966,80.289438,High,Cloudy,27
B1679,Route-13,13.007562,80.104299,High,Sunny,17
B1680,Route-7,13.193871,80.185009,High,Rainy,34
B1681,Route-15,12.806171,80.142888,Medium,Cloudy,24
B1682,Route-20,13.227403,80.385725,Medium,Sunny,13
B1683,Route-14,12.812905,80.265987,Medium,Sunny,12
B1684,Route-5,12.849004,80.11322,High,Sunny,25
B1685,Route-18,13.094607,80.236284,Medium,Sunny,10
B1686,Route-11,12.861642,80.255569,Low,Sunny,16
B1687,Route-19,12.823486,80.378416,Medium,Rainy,19
B1688,Route-14,13.006839,80.295892,Low,Rainy,14
B1689,Route-13,13.283901,80.264959,High,Sunny,28
B1690,Route-18,13.108765,80.162335,Low,Sunny,18
B1691,Route-19,13.018526,80.288324,Low,Rainy,19
B1692,Route-1,13.237154,80.349187,High,Sunny,24
B1693,Route-1,12.890446,80.339747,Medium,Foggy,18
B1694,Route-2,13.233212,80.117885,High,Rainy,34
B1695,Route-16,13.137881,80.285583,Medium,Cloudy,20
B1696,Route-8,12.805539,80.319052,High,Foggy,30
B1697,Route-11,12.977189,80.190849,Low,Sunny,13
B1698,Route-7,13.09689,80.272678,Medium,Sunny,14
B1699,Route-10,12.905054,80.322681,Medium,Cloudy,21
B1700,Route-8,13.14967,80.199168,Medium,Sunny,18
B1701,Route-17,12.866591,80.1784,Medium,Cloudy,19
B1702,Route-6,12.959523,80.224654,Medium,Sunny,22
B1703,Route-1,12.852338,80.138579,Low,Sunny,11
B1704,Route-4,13.075266,80.22221,Low,Cloudy,9
B1705,Route-19,12.860848,80.276428,Low,Cloudy,12
B1706,Route-1,12.947874,80.176723,High,Cloudy,30
B1707,Route-6,12.923429,80.191925,Low,Sunny,14
B1708,Route-18,12.843894,80.151549,Medium,Sunny,21
B1709,Route-13,13.205933,80.104159,Low,Sunny,12
B1710,Route-5,12.810069,80.146135,High,Foggy,28
B1711,Route-10,13.139533,80.379522,Medium,Cloudy,25
B1712,Route-11,13.119244,80.195923,Low,Sunny,17
B1713,Route-9,13.229556,80.250017,Low,Sunny,10
B1714,Route-14,13.005341,80.162907,High,Sunny,28
B1715,Route-17,12.875686,80.145566,Medium,Rainy,22
B1716,Route-3,13.014092,80.289606,Low,Foggy,17
B1717,Route-4,13.172607,80.169667,Medium,Cloudy,14
B1718,Route-7,13.182597,80.142948,High,Sunny,22
B1719,Route-16,13.251624,80.180225,Low,Rainy,14
B1720,Route-4,12.951233,80.357609,High,Rainy,33
B1721,Route-14,13.272512,80.304762,Low,Cloudy,15
B1722,Route-6,12.859976,80.193619,Medium,Cloudy,16
B1723,Route-8,12.842128,80.304796,Low,Sunny,13
B1724,Route-8,13.191608,80.340973,High,Sunny,21
B1725,Route-1,13.236522,80.150658,Medium,Sunny,19
B1726,Route-1,12.991699,80.150484,Medium,Rainy,29
B1727,Route-16,13.055557,80.281294,Low,Rainy,17
B1728,Route-20,12.852701,80.351656,High,Rainy,26
B1729,Route-15,13.24319,80.114159,Low,Sunny,12
B1730,Route-8,13.147594,80.288889,High,Sunny,26
B1731,Route-15,12.805358,80.263277,Medium,Sunny,11
B1732,Route-6,13.060272,80.232199,Medium,Sunny,20
B1733,Route-20,13.037003,80.23538,Low,Sunny,17
B1734,Route-11,12.897856,80.346076,Medium,Rainy,25
B1735,Route-7,13.176057,80.253862,Medium,Sunny,11
B1736,Route-5,12.800822,80.212924,High,Sunny,21
B1737,Route-6,13.076912,80.253894,High,Sunny,23
B1738,Route-4,13.161392,80.169552,Medium,Rainy,19
B1739,Route-4,13.172014,80.3133,Low,Sunny,14
B1740,Route-13,12.916318,80.325078,High,Sunny,24
B1741,Route-15,13.169546,80.305954,Low,Cloudy,16
B1742,Route-7,12.815861,80.26049,High,Cloudy,24
B1743,Route-14,13.177285,80.174581,Medium,Foggy,17
B1744,Route-15,12.933538,80.260398,Medium,Rainy,26
B1745,Route-6,13.209435,80.201199,Medium,Sunny,19
B1746,Route-3,12.86851,80.261275,High,Foggy,29
B1747,Route-10,13.288748,80.34236,Medium,Sunny,12
B1748,Route-15,12.830113,80.189295,Low,Foggy,9
B1749,Route-18,13.117453,80.137154,High,Sunny,20
B1750,Route-16,13.072315,80.123357,Low,Rainy,13
B1751,Route-10,12.806614,80.253534,Low,Rainy,14
B1752,Route-15,13.201491,80.394238,Medium,Sunny,17
B1753,Route-10,13.177268,80.233636,High,Foggy,24
B1754,Route-1,13.214911,80.296418,Low,Sunny,16
B1755,Route-13,12.843723,80.213209,Low,Cloudy,8
B1756,Route-5,12.976164,80.11293,High,Foggy,29
B1757,Route-3,12.854341,80.394377,Low,Rainy,21
B1758,Route-18,12.873011,80.381419,Medium,Sunny,18
B1759,Route-7,13.080932,80.301422,High,Rainy,29
B1760,Route-19,13.075968,80.172551,High,Cloudy,20
B1761,Route-17,13.121398,80.280284,Low,Sunny,15
B1762,Route-15,13.036258,80.213467,Low,Cloudy,12
B1763,Route-5,12.836138,80.272736,Low,Sunny,14
B1764,Route-17,12.901075,80.263647,Medium,Sunny,17
B1765,Route-4,12.998636,80.173665,Low,Rainy,18
B1766,Route-18,13.282916,80.161738,High,Sunny,25
B1767,Route-13,13.06728,80.158637,High,Cloudy,26
B1768,Route-20,13.179912,80.201647,Low,Sunny,8
B1769,Route-20,12.827256,80.194213,Medium,Cloudy,18
B1770,Route-2,12.930876,80.287272,Medium,Cloudy,18
B1771,Route-11,12.949616,80.229257,High,Cloudy,28
B1772,Route-16,13.292884,80.337385,High,Rainy,31
B1773,Route-8,13.022978,80.106007,Low,Rainy,17
B1774,Route-14,13.117372,80.155926,Medium,Sunny,20
B1775,Route-11,13.041301,80.164809,Low,Rainy,17
B1776,Route-14,12.949834,80.388631,Medium,Rainy,20
B1777,Route-10,12.861725,80.161794,Low,Sunny,9
B1778,Route-20,13.131655,80.35173,High,Sunny,21
B1779,Route-2,13.165625,80.330924,Medium,Cloudy,17
B1780,Route-20,13.048627,80.153525,High,Cloudy,23
B1781,Route-11,12.996818,80.242031,High,Cloudy,24
B1782,Route-5,13.140192,80.182236,Low,Sunny,8
B1783,Route-8,13.117662,80.158946,Medium,Cloudy,13
B1784,Route-12,13.228967,80.300078,Low,Cloudy,10
B1785,Route-3,13.066111,80.346492,Low,Sunny,5
B1786,Route-4,13.082208,80.280175,Low,Cloudy,9
B1787,Route-19,12.860707,80.31634,Medium,Sunny,19
B1788,Route-4,12.92441,80.222367,Medium,Sunny,21
B1789,Route-12,12.892888,80.12549,Low,Rainy,17
B1790,Route-6,13.261323,80.250712,Low,Foggy,10
B1791,Route-19,12.957999,80.355664,High,Rainy,32
B1792,Route-7,12.842702,80.391738,Medium,Cloudy,23
B1793,Route-10,12.837448,80.131848,Medium,Sunny,21
B1794,Route-20,12.830973,80.273042,Medium,Rainy,23
B1795,Route-2,13.159538,80.264255,Medium,Sunny,14
B1796,Route-18,12.819961,80.234724,Low,Sunny,10
B1797,Route-17,12.853312,80.210039,Low,Sunny,17
B1798,Route-4,13.232536,80.280238,High,Foggy,28
B1799,Route-12,12.945022,80.160439,High,Cloudy,24
B1800,Route-13,13.042817,80.37384,High,Sunny,22
B1801,Route-12,13.057653,80.13071,Low,Sunny,8
B1802,Route-12,13.101607,80.123915,High,Sunny,22
B1803,Route-5,13.183174,80.221925,Low,Cloudy,15
B1804,Route-3,12.935775,80.194865,Low,Rainy,23
B1805,Route-5,13.178226,80.242247,Low,Sunny,18
B1806,Route-16,12.926265,80.232849,High,Cloudy,29
B1807,Route-12,13.219304,80.342571,Low,Foggy,18
B1808,Route-3,13.242619,80.126012,Medium,Rainy,23
B1809,Route-10,13.175712,80.3824,Low,Foggy,20
B1810,Route-10,12.907578,80.28824,Medium,Cloudy,18
B1811,Route-10,12.955154,80.219738,Low,Sunny,12
B1812,Route-2,13.121389,80.315303,Low,Foggy,20
B1813,Route-2,13.234767,80.154197,High,Sunny,19
B1814,Route-20,13.104106,80.233372,High,Sunny,29
B1815,Route-14,12.88401,80.206439,Low,Cloudy,16
B1816,Route-17,13.098904,80.299422,High,Sunny,25
B1817,Route-11,12.928207,80.380193,Low,Cloudy,16
B1818,Route-4,13.158631,80.274621,Medium,Foggy,20
B1819,Route-4,13.231821,80.399043,High,Cloudy,22
B1820,Route-16,13.213232,80.267307,High,Sunny,26
B1821,Route-4,13.034703,80.357357,Medium,Sunny,14
B1822,Route-2,12.900703,80.102863,Medium,Foggy,21
B1823,Route-10,13.028365,80.198769,High,Sunny,27
B1824,Route-17,13.152808,80.256465,Low,Sunny,8
B1825,Route-20,12.819681,80.106554,Low,Sunny,10
B1826,Route-14,12.813553,80.33505,Medium,Sunny,14
B1827,Route-1,13.195997,80.396006,Medium,Cloudy,21
B1828,Route-20,13.272686,80.117171,High,Cloudy,28
B1829,Route-19,12.93136,80.241675,Medium,Rainy,21
B1830,Route-13,12.827483,80.273563,Medium,Foggy,24
B1831,Route-13,12.958229,80.12609,Medium,Sunny,16
B1832,Route-10,13.112608,80.381292,Low,Rainy,19
B1833,Route-17,12.812021,80.260242,High,Rainy,28
B1834,Route-8,13.277922,80.171015,Low,Rainy,20
B1835,Route-9,13.226659,80.2495,Low,Foggy,20
B1836,Route-18,12.947711,80.127168,Low,Sunny,10
B1837,Route-3,12.885231,80.215355,Medium,Rainy,27
B1838,Route-1,13.204989,80.171487,Medium,Sunny,14
B1839,Route-16,12.892704,80.154619,Low,Sunny,11
B1840,Route-8,13.231716,80.141835,High,Cloudy,23
B1841,Route-9,12.986022,80.127735,Medium,Rainy,23
B1842,Route-4,13.283367,80.387441,High,Sunny,24
B1843,Route-6,13.244506,80.14819,High,Sunny,25
B1844,Route-12,12.869484,80.324189,Low,Rainy,24
B1845,Route-17,13.287452,80.223334,Low,Sunny,17
B1846,Route-6,13.157992,80.282197,Low,Cloudy,14
B1847,Route-5,12.939134,80.218625,Medium,Foggy,20
B1848,Route-12,12.866889,80.385992,Medium,Sunny,16
B1849,Route-20,12.926992,80.363308,Medium,Sunny,19
B1850,Route-6,13.152016,80.165236,Low,Sunny,11
B1851,Route-12,13.200069,80.172498,High,Foggy,30
B1852,Route-4,13.173302,80.103779,Medium,Sunny,15
B1853,Route-20,13.150783,80.102948,Low,Sunny,9
B1854,Route-12,13.022092,80.141116,Low,Rainy,15
B1855,Route-12,13.293684,80.167548,Medium,Cloudy,20
B1856,Route-5,12.998395,80.229363,Medium,Cloudy,16
B1857,Route-3,12.887078,80.264064,Medium,Rainy,20
B1858,Route-2,13.046001,80.193071,Low,Sunny,16
B1859,Route-14,12.866642,80.378324,Low,Cloudy,16
B1860,Route-8,13.183882,80.13419,High,Rainy,27
B1861,Route-6,13.029182,80.258612,Medium,Cloudy,19
B1862,Route-16,13.049593,80.188961,Low,Rainy,22
B1863,Route-2,12.851608,80.275511,High,Sunny,21
B1864,Route-20,12.853356,80.294867,Medium,Cloudy,20
B1865,Route-15,12.856199,80.114793,Medium,Sunny,17
B1866,Route-9,13.271491,80.283113,Low,Sunny,16
B1867,Route-20,12.885301,80.231027,High,Rainy,29
B1868,Route-4,12.83748,80.166903,Medium,Foggy,21
B1869,Route-11,13.123671,80.138505,High,Cloudy,25
B1870,Route-9,12.981147,80.347917,Medium,Sunny,23
B1871,Route-17,13.264278,80.292326,Medium,Cloudy,19
B1872,Route-13,13.290522,80.298543,Low,Foggy,22
B1873,Route-3,12.828547,80.202916,Medium,Sunny,14
B1874,Route-6,13.024519,80.237791,High,Rainy,28
B1875,Route-7,12.868614,80.381298,Medium,Cloudy,19
B1876,Route-8,13.25556,80.346152,Low,Sunny,15
B1877,Route-16,12.971198,80.263943,High,Sunny,27
B1878,Route-16,13.000574,80.384339,High,Sunny,29
B1879,Route-13,12.901427,80.399496,Medium,Sunny,18
B1880,Route-5,13.112825,80.274227,Low,Rainy,21
B1881,Route-9,12.941899,80.308159,High,Cloudy,20
B1882,Route-3,13.114174,80.15523,High,Foggy,30
B1883,Route-12,13.188447,80.121237,Medium,Sunny,12
B1884,Route-1,13.275154,80.189982,Medium,Cloudy,12
B1885,Route-12,12.904959,80.336678,Low,Foggy,17
B1886,Route-4,12.807324,80.376343,Low,Cloudy,17
B1887,Route-11,13.122964,80.169864,High,Sunny,26
B1888,Route-18,13.255816,80.378404,High,Cloudy,30
B1889,Route-12,12.827723,80.34991,High,Foggy,29
B1890,Route-20,12.851738,80.296969,Low,Rainy,22
B1891,Route-16,13.13841,80.190476,Medium,Foggy,23
B1892,Route-5,13.087291,80.254435,High,Sunny,19
B1893,Route-4,13.121714,80.159155,Low,Sunny,12
B1894,Route-4,12.882467,80.137385,Low,Sunny,7
B1895,Route-16,12.933051,80.111702,Medium,Cloudy,16
B1896,Route-16,13.012392,80.202525,Medium,Sunny,14
B1897,Route-2,13.2928,80.306004,Medium,Foggy,19
B1898,Route-3,13.255098,80.21485,Low,Rainy,20
B1899,Route-10,13.024637,80.382149,Medium,Sunny,18
B1900,Route-18,12.833642,80.180399,Medium,Sunny,22
B1901,Route-18,13.159694,80.108436,Medium,Sunny,14
B1902,Route-10,12.917516,80.295684,Low,Rainy,14
B1903,Route-6,13.254782,80.180889,Low,Sunny,14
B1904,Route-2,13.139444,80.171039,Low,Sunny,15
B1905,Route-18,13.288719,80.389306,High,Sunny,19
B1906,Route-3,12.989158,80.126519,Low,Rainy,21
B1907,Route-2,12.883269,80.395853,Medium,Sunny,16
B1908,Route-13,12.860189,80.274231,Low,Sunny,7
B1909,Route-5,13.154292,80.319562,High,Sunny,26
B1910,Route-6,13.091119,80.189962,Medium,Sunny,13
B1911,Route-7,13.243298,80.223283,High,Cloudy,22
B1912,Route-18,13.113385,80.10864,High,Sunny,26
B1913,Route-20,13.11099,80.364593,Low,Sunny,15
B1914,Route-8,12.971689,80.10573,Medium,Cloudy,16
B1915,Route-9,13.062577,80.159889,Medium,Sunny,19
B1916,Route-12,12.934595,80.394677,Low,Rainy,18
B1917,Route-1,12.834654,80.273466,Medium,Sunny,18
B1918,Route-7,13.150572,80.116718,Medium,Sunny,23
B1919,Route-6,12.865336,80.1873,Medium,Sunny,16
B1920,Route-6,13.15965,80.285624,Low,Cloudy,11
B1921,Route-16,13.043414,80.380468,High,Cloudy,26
B1922,Route-9,13.111477,80.234062,Medium,Sunny,16
B1923,Route-6,13.263293,80.313127,Low,Sunny,8
B1924,Route-3,13.227583,80.207627,Medium,Sunny,12
B1925,Route-5,13.281106,80.389346,Medium,Sunny,21
B1926,Route-5,13.006339,80.130137,High,Sunny,26
B1927,Route-14,12.994695,80.319784,Low,Foggy,16
B1928,Route-16,12.82078,80.162039,High,Cloudy,29
B1929,Route-6,12.970785,80.201552,High,Foggy,28
B1930,Route-3,13.290131,80.295034,High,Sunny,25
B1931,Route-10,13.111872,80.140207,Medium,Rainy,20
B1932,Route-8,12.818557,80.124201,Low,Cloudy,9
B1933,Route-9,13.206855,80.165131,Low,Sunny,14
B1934,Route-19,13.083722,80.213102,High,Sunny,21
B1935,Route-3,12.871531,80.104204,High,Sunny,27
B1936,Route-20,12.970837,80.385995,Low,Cloudy,15
B1937,Route-3,13.142218,80.250966,Medium,Sunny,19
B1938,Route-19,13.236197,80.283935,Medium,Sunny,18
B1939,Route-20,13.092465,80.179869,Medium,Rainy,26
B1940,Route-16,13.176738,80.139741,Medium,Cloudy,16
B1941,Route-9,13.226642,80.356846,Low,Sunny,15
B1942,Route-17,13.108091,80.388249,Low,Sunny,9
B1943,Route-7,13.15683,80.362103,Medium,Sunny,11
B1944,Route-14,12.944568,80.235386,Medium,Sunny,20
B1945,Route-14,12.895836,80.242363,Medium,Sunny,11
B1946,Route-7,13.198431,80.20229,Medium,Cloudy,13
B1947,Route-6,13.26727,80.317818,Medium,Cloudy,16
B1948,Route-11,12.967023,80.132046,High,Cloudy,32
B1949,Route-16,13.030336,80.192126,Low,Sunny,13
B1950,Route-9,13.023651,80.389655,Medium,Sunny,13
B1951,Route-6,13.165505,80.122987,Medium,Sunny,18
B1952,Route-2,12.969366,80.269121,Medium,Rainy,25
B1953,Route-10,13.20915,80.304998,Medium,Cloudy,19
B1954,Route-20,12.917185,80.13707,Low,Cloudy,18
B1955,Route-10,13.151199,80.297671,Medium,Sunny,20
B1956,Route-19,12.855037,80.215016,Medium,Sunny,13
B1957,Route-12,12.987986,80.326893,Low,Sunny,8
B1958,Route-19,13.005249,80.379958,Low,Sunny,13
B1959,Route-18,12.8542,80.36278,Medium,Sunny,15
B1960,Route-7,13.296789,80.152465,Low,Sunny,11
B1961,Route-20,12.816235,80.323006,Low,Sunny,11
B1962,Route-19,12.986154,80.176399,Low,Sunny,12
B1963,Route-11,12.951312,80.237995,Medium,Cloudy,12
B1964,Route-15,12.805005,80.364723,Low,Rainy,13
B1965,Route-6,12.858166,80.391035,Medium,Sunny,12
B1966,Route-1,12.850471,80.159703,Low,Sunny,14
B1967,Route-2,13.277532,80.283278,High,Sunny,27
B1968,Route-8,13.18364,80.378,Medium,Sunny,12
B1969,Route-17,13.000485,80.205213,Medium,Sunny,14
B1970,Route-7,13.082871,80.104593,Low,Cloudy,12
B1971,Route-6,12.983361,80.131742,Medium,Sunny,15
B1972,Route-12,12.995119,80.273569,High,Rainy,29
B1973,Route-7,13.221572,80.293264,Low,Sunny,14
B1974,Route-18,12.910536,80.318763,Medium,Sunny,20
B1975,Route-7,12.805276,80.127428,Low,Sunny,15
B1976,Route-15,12.809041,80.220099,Low,Sunny,9
B1977,Route-18,13.036495,80.255906,High,Rainy,27
B1978,Route-2,13.290711,80.129213,High,Cloudy,29
B1979,Route-1,13.074706,80.27726,High,Sunny,27
B1980,Route-20,13.213434,80.268797,High,Sunny,19
B1981,Route-2,13.233862,80.229635,Low,Cloudy,16
B1982,Route-18,13.282216,80.315361,Low,Rainy,19
B1983,Route-16,12.841629,80.317367,High,Sunny,24
B1984,Route-8,13.188955,80.214709,Medium,Cloudy,21
B1985,Route-9,13.224303,80.366593,Medium,Cloudy,19
B1986,Route-6,13.080974,80.194369,Low,Sunny,10
B1987,Route-9,13.072875,80.207827,Medium,Cloudy,20
B1988,Route-11,13.033342,80.115813,High,Sunny,17
B1989,Route-4,13.010756,80.128319,Medium,Sunny,17
B1990,Route-4,12.85261,80.301606,High,Cloudy,26
B1991,Route-7,13.007066,80.309359,High,Rainy,36
B1992,Route-9,13.084615,80.376231,Medium,Sunny,19
B1993,Route-13,12.904529,80.354545,High,Sunny,18
B1994,Route-20,13.200401,80.289637,Medium,Sunny,17
B1995,Route-13,12.896346,80.281916,High,Cloudy,31
B1996,Route-3,13.244918,80.28016,High,Foggy,31
B1997,Route-18,13.054178,80.39755,High,Rainy,33
B1998,Route-12,13.163634,80.290126,Medium,Cloudy,13
B1999,Route-17,12.964765,80.232181,Low,Cloudy,20
